,User Email,Org Id,Read Only,Admin Email,Create Date,Expiration Date
1,kelly.castrillon.external+newpricing@landing.ai,121458205167651,true,kelly.castrillon.external@landing.ai,2024-12-06T18:35:09.630,2024-12-07T18:35:09.508
2,kelly.castrillon.external+pricing_tiering@landing.ai,113142436802592,true,kelly.castrillon.external@landing.ai,2024-10-09T18:14:03.897,2024-10-10T18:14:03.881
3,zhouyang.zhang@landing.ai,105876585814058,true,zhouyang.zhang@landing.ai,2024-08-30T05:57:37.752,2024-08-31T05:57:37.694
4,kelly.castrillon.external+pricing_tiering@landing.ai,105880822851621,true,kelly.castrillon.external@landing.ai,2024-08-29T16:49:14.889,2024-08-29T16:51:01.856
5,kelly.castrillon.external+qateam@landing.ai,99308448077858,true,kelly.castrillon.external@landing.ai,2024-07-23T15:34:02.501,2024-07-24T15:34:02.478
6,kelly.castrillon.external+pricing_tiering@landing.ai,99308448077858,true,kelly.castrillon.external@landing.ai,2024-07-23T15:31:41.402,2024-07-24T15:31:41.365
7,zhouyang.zhang@landing.ai,36695412742187,true,,2023-08-04T16:19:22.088,2023-08-05T16:19:22.003
8,zhouyang.zhang@landing.ai,36683295461414,true,,2023-08-04T14:41:40.650,2023-08-05T14:41:40.613
9,linyao.li@landing.ai,28726302226472,true,,2023-06-28T05:56:39.086,2023-06-29T05:56:39.017
